task,k_shot,method,acc_mean,acc_std,acc_count,f1_mean,f1_std,f1_count,auc_mean,auc_std,auc_count,pd_at_pfa_0.05_mean,pd_at_pfa_0.05_std,pd_at_pfa_0.05_count,pd_at_pfa_0.01_mean,pd_at_pfa_0.01_std,pd_at_pfa_0.01_count,pd_tc_mean,pd_tc_std,pd_tc_count,pfa_tc_mean,pfa_tc_std,pfa_tc_count,threshold_tc_mean,threshold_tc_std,threshold_tc_count
open+speedboat->uuv,5,CE-LinearHead,0.6765000000000001,0.054531705424933526,30,0.6543833319396335,0.060307387646068154,30,0.7172934666666664,0.06865003466947073,30,0.30400000000000005,0.0993745960737833,30,0.14206666666666665,0.09209812358466427,30,,,0,,,0,,,0
open+speedboat->uuv,5,CE-Proto,0.6157666666666667,0.09470086600970715,30,0.6216022056578446,0.10573665526831397,30,0.6772543333333333,0.1205393073323425,30,0.22453333333333336,0.1376301223377813,30,0.10226666666666669,0.09486648815420883,30,,,0,,,0,,,0
open+speedboat->uuv,5,CalibCosMetricHead,0.6807666666666667,0.05159436171636917,30,0.6953559016988016,0.05337164818777825,30,0.7382518000000001,0.07087437427730844,30,0.18066666666666667,0.12450988974245446,30,0.057200000000000015,0.06781028301635837,30,,,0,,,0,,,0
open+speedboat->uuv,5,CalibCosMetricHead-TC,0.6443333333333336,0.03811537234758966,30,0.7132658969177482,0.032937071202415416,30,0.7382518000000001,0.07087437427730844,30,0.18066666666666667,0.12450988974245446,30,0.057200000000000015,0.06781028301635837,30,0.8892666666666665,0.09088603448477559,30,0.6006000000000001,0.11312141783240603,30,-4.544922002156574,2.0489482468385796,30
open+speedboat->uuv,5,CalibCosMetricHead-Tail,0.6849,0.0562992925783938,30,0.6975161319597134,0.05758592135892664,30,0.7424594666666666,0.07309222590093985,30,0.19226666666666667,0.12390511757356731,30,0.07253333333333331,0.07150391035042979,30,,,0,,,0,,,0
open+speedboat->uuv,5,CalibCosMetricHead-Tail-TC,0.6519999999999999,0.044955150063606515,30,0.7125040775897546,0.041974451659034274,30,0.7424594666666666,0.07309222590093985,30,0.19226666666666667,0.12390511757356731,30,0.07253333333333331,0.07150391035042979,30,0.8691999999999999,0.10220682209499826,30,0.5652,0.1168997212468285,30,-3.5897438808282223,2.1332046927327446,30
open+speedboat->uuv,5,CosMetricHead,0.6586666666666666,0.0644736424805722,30,0.6483653879619773,0.07707489117222949,30,0.7412500000000002,0.08069934439079074,30,0.25726666666666664,0.13386816297190032,30,0.11073333333333332,0.09144432386876777,30,,,0,,,0,,,0
open+speedboat->uuv,5,CosMetricHead-TC,0.6617333333333332,0.04720968145400375,30,0.6986273891851337,0.042146703707292836,30,0.7412500000000002,0.08069934439079074,30,0.25726666666666664,0.13386816297190032,30,0.11073333333333332,0.09144432386876777,30,0.7914666666666667,0.11753670984385915,30,0.4680000000000001,0.15822201773631797,30,-0.5608317127823832,0.8433945128873706,30
open+speedboat->uuv,5,CosMetricHead-Tail,0.6583666666666665,0.06629634791695872,30,0.6447878867550083,0.07932644659090969,30,0.741114,0.08425233316896212,30,0.2610666666666666,0.13778517345124078,30,0.1153333333333333,0.09248348718716683,30,,,0,,,0,,,0
open+speedboat->uuv,5,CosMetricHead-Tail-TC,0.6614666666666668,0.051584369012684275,30,0.6960339062651705,0.045877423073636604,30,0.741114,0.08425233316896212,30,0.2610666666666666,0.13778517345124078,30,0.1153333333333333,0.09248348718716683,30,0.7827333333333333,0.12024513276645747,30,0.45979999999999993,0.16262277059883523,30,-0.5468011045455935,0.8447514966401398,30
open+speedboat->uuv,5,LinEqProxy,0.6740666666666665,0.05619481712101544,30,0.6521495527536162,0.061893332838343924,30,0.7152901333333336,0.06928499074548757,30,0.3048666666666666,0.09831221670790964,30,0.1414,0.09188320922742652,30,,,0,,,0,,,0
open+speedboat->uuv,5,LinEqProxy-TC,0.6270333333333333,0.051367830623732826,30,0.6736216432267409,0.04379549876611365,30,0.7152901333333336,0.06928499074548757,30,0.3048666666666666,0.09831221670790964,30,0.1414,0.09188320922742652,30,0.7766,0.11764370522603555,30,0.5225333333333334,0.15795235714112268,30,-0.6398808224995931,0.2517383546627614,30
open+speedboat->uuv,5,LinEqProxy-Tail,0.6713666666666668,0.052210108238719945,30,0.6486328768179969,0.06138438694997383,30,0.7109877333333335,0.06513744296535111,30,0.2996,0.10406814743400032,30,0.13499999999999995,0.09259440662335407,30,,,0,,,0,,,0
open+speedboat->uuv,5,LinEqProxy-Tail-TC,0.6154333333333335,0.050070077328461915,30,0.6720707397998613,0.04157889288885348,30,0.7109877333333335,0.06513744296535111,30,0.2996,0.10406814743400032,30,0.13499999999999995,0.09259440662335407,30,0.7946666666666665,0.1170939302685973,30,0.5638,0.16006925225427082,30,-1.078948033650716,0.3889388910686777,30
open+speedboat->uuv,5,NormAwareCalibCosMetricHead,0.6812666666666666,0.05304840556824809,30,0.6951749450538576,0.054699135698361406,30,0.7383023333333332,0.071732826104849,30,0.17653333333333332,0.1171805954670951,30,0.05226666666666668,0.06159877592454494,30,,,0,,,0,,,0
open+speedboat->uuv,5,NormAwareCalibCosMetricHead-TC,0.6451333333333334,0.03848038760050448,30,0.7132739171019289,0.03299083681997862,30,0.7383023333333332,0.071732826104849,30,0.17653333333333332,0.1171805954670951,30,0.05226666666666668,0.06159877592454494,30,0.8872666666666665,0.09108159787390846,30,0.5970000000000001,0.11407408361115218,30,-4.531466297308603,2.053732780759472,30
open+speedboat->uuv,5,NormAwareCalibCosMetricHead-Tail,0.6856666666666664,0.057748762239808085,30,0.6979055440199259,0.05827679826670511,30,0.7436169333333333,0.07466693397090904,30,0.19046666666666667,0.12935669299649133,30,0.07153333333333331,0.07497251603700882,30,,,0,,,0,,,0
open+speedboat->uuv,5,NormAwareCalibCosMetricHead-Tail-TC,0.6538000000000002,0.0472771724459359,30,0.7132299727507879,0.04331061961944277,30,0.7436169333333333,0.07466693397090904,30,0.19046666666666667,0.12935669299649133,30,0.07153333333333331,0.07497251603700882,30,0.8674,0.10212656110316562,30,0.5598,0.12002568690593436,30,-3.5377049692471827,2.1423340778918085,30
open+speedboat->uuv,5,RegMahaProxy,0.6695999999999999,0.05840618767408714,30,0.6550540018282229,0.05946970550690328,30,0.7185658666666666,0.07652921610764461,30,0.31006666666666666,0.1115007138784425,30,0.12580000000000002,0.0905741837314623,30,,,0,,,0,,,0
open+speedboat->uuv,5,RegMahaProxy-TC,0.5868666666666665,0.04768194434051485,30,0.6703847340460362,0.04106658552047819,30,0.7185658666666666,0.07652921610764461,30,0.31006666666666666,0.1115007138784425,30,0.12580000000000002,0.0905741837314623,30,0.8465333333333334,0.10771089444252702,30,0.6728,0.13286404770446286,30,-7.516624043782554,2.7353022866582397,30
open+speedboat->uuv,5,RegMahaProxy-Tail,0.6723333333333333,0.06149310773453048,30,0.6666377579729055,0.05710464478829821,30,0.7259680666666667,0.0774034974091469,30,0.3187333333333334,0.12308279616844783,30,0.14206666666666667,0.09767148785715248,30,,,0,,,0,,,0
open+speedboat->uuv,5,RegMahaProxy-Tail-TC,0.5917333333333333,0.047632887315624504,30,0.6752472957023093,0.038390693072434465,30,0.7259680666666667,0.0774034974091469,30,0.3187333333333334,0.12308279616844783,30,0.14206666666666667,0.09767148785715248,30,0.8538666666666667,0.10161174699037895,30,0.6704,0.1333156999834189,30,-7.097192611694336,2.7908282643705453,30
open+speedboat->uuv,10,CE-LinearHead,0.7156999999999999,0.046695011917024146,30,0.6959617941459659,0.060323041601886236,30,0.7700968,0.06900944018101103,30,0.3767333333333333,0.0799266617867143,30,0.1896,0.09294922603599051,30,,,0,,,0,,,0
open+speedboat->uuv,10,CE-Proto,0.6215333333333333,0.09267210767123989,30,0.6341285540102227,0.0927151046080713,30,0.6933025999999999,0.11339274293771155,30,0.21793333333333334,0.13678221636105944,30,0.09773333333333332,0.10560921241599351,30,,,0,,,0,,,0
open+speedboat->uuv,10,CalibCosMetricHead,0.7357666666666666,0.05015746469238471,30,0.7377723427069595,0.05884940211457251,30,0.8049409333333334,0.059436729530701365,30,0.2953333333333334,0.1350446499172195,30,0.1002,0.08276989291048883,30,,,0,,,0,,,0
open+speedboat->uuv,10,CalibCosMetricHead-TC,0.7093666666666668,0.05048897683266317,30,0.7281640270304476,0.06395387003292596,30,0.8049409333333334,0.059436729530701365,30,0.2953333333333334,0.1350446499172195,30,0.1002,0.08276989291048883,30,0.7975999999999999,0.14523075574337935,30,0.37886666666666674,0.14477729230724026,30,-1.8230498813589417,1.9913535458205576,30
open+speedboat->uuv,10,CalibCosMetricHead-Tail,0.7290333333333335,0.04908155305789239,30,0.7341606820740327,0.060426446923782864,30,0.8005878666666665,0.05586521652231427,30,0.2973333333333333,0.12606767020637913,30,0.11319999999999998,0.08510537079368748,30,,,0,,,0,,,0
open+speedboat->uuv,10,CalibCosMetricHead-Tail-TC,0.7021000000000001,0.042954948332024505,30,0.7028435560545074,0.07705232666432137,30,0.8005878666666665,0.05586521652231427,30,0.2973333333333333,0.12606767020637913,30,0.11319999999999998,0.08510537079368748,30,0.7380000000000001,0.17771422235596734,30,0.3338,0.14298237171305295,30,-1.0724576213955888,1.886142687486656,30
open+speedboat->uuv,10,CosMetricHead,0.7083666666666667,0.054200447468144834,30,0.6970322362790615,0.06666434280437605,30,0.7978705333333332,0.04947533172841581,30,0.3220666666666666,0.11453592519781529,30,0.12506666666666666,0.10007133088136588,30,,,0,,,0,,,0
open+speedboat->uuv,10,CosMetricHead-TC,0.7040333333333335,0.051713056667393564,30,0.6925427160143306,0.0734214125321111,30,0.7978705333333332,0.04947533172841581,30,0.3220666666666666,0.11453592519781529,30,0.12506666666666666,0.10007133088136588,30,0.6864666666666666,0.14409449326225393,30,0.27840000000000004,0.13278491812987883,30,-0.05574859164034373,0.3871841089186213,30
open+speedboat->uuv,10,CosMetricHead-Tail,0.705,0.05530978587730299,30,0.6907117920046506,0.07133067560342111,30,0.7954456,0.050251823192589806,30,0.322,0.11646991619860617,30,0.13093333333333332,0.10259089605819315,30,,,0,,,0,,,0
open+speedboat->uuv,10,CosMetricHead-Tail-TC,0.7027000000000001,0.05370234053847513,30,0.6913435414407236,0.0729921127745999,30,0.7954456,0.050251823192589806,30,0.322,0.11646991619860617,30,0.13093333333333332,0.10259089605819315,30,0.6843333333333333,0.1413980279171197,30,0.2789333333333333,0.13409593409283474,30,-0.06640108533824529,0.38640476887411096,30
open+speedboat->uuv,10,LinEqProxy,0.7162666666666666,0.04824430167054097,30,0.6965970878932362,0.062355249394649113,30,0.7707426666666667,0.06895508883490675,30,0.3742666666666667,0.08002712183931807,30,0.18853333333333336,0.09080624820266323,30,,,0,,,0,,,0
open+speedboat->uuv,10,LinEqProxy-TC,0.6996,0.047573971440491455,30,0.6925927733043488,0.06074589905342422,30,0.7707426666666667,0.06895508883490675,30,0.3742666666666667,0.08002712183931807,30,0.18853333333333336,0.09080624820266323,30,0.6923333333333332,0.1333898443462344,30,0.29313333333333336,0.14227383342751723,30,-0.14730422496795695,0.30491102934235736,30
open+speedboat->uuv,10,LinEqProxy-Tail,0.7243,0.052566640791836164,30,0.7058693821163792,0.06629214767456952,30,0.7809531333333334,0.07192855167922728,30,0.3865333333333334,0.08628410703273681,30,0.18739999999999998,0.09619255114899346,30,,,0,,,0,,,0
open+speedboat->uuv,10,LinEqProxy-Tail-TC,0.7004666666666665,0.054599945265435094,30,0.7122725371481706,0.05525196227255759,30,0.7809531333333334,0.07192855167922728,30,0.3865333333333334,0.08628410703273681,30,0.18739999999999998,0.09619255114899346,30,0.7496666666666665,0.11479527003752592,30,0.3487333333333333,0.1328379706137579,30,-0.41221498489379926,0.3555831172260477,30
open+speedboat->uuv,10,NormAwareCalibCosMetricHead,0.7318999999999999,0.05233799305706498,30,0.7334989016508934,0.060728330731082386,30,0.8004762666666667,0.06269778001840882,30,0.28759999999999997,0.1367296854986207,30,0.09813333333333328,0.08603757532506418,30,,,0,,,0,,,0
open+speedboat->uuv,10,NormAwareCalibCosMetricHead-TC,0.7079,0.05014210839686305,30,0.7258091857247339,0.06377181703698258,30,0.8004762666666667,0.06269778001840882,30,0.28759999999999997,0.1367296854986207,30,0.09813333333333328,0.08603757532506418,30,0.7922666666666669,0.14524816654628542,30,0.3764666666666666,0.14171334187142653,30,-1.8233146201570836,2.010268797651324,30
open+speedboat->uuv,10,NormAwareCalibCosMetricHead-Tail,0.7285999999999999,0.04821045815859941,30,0.7338870132571053,0.05652590526724649,30,0.7989021333333333,0.05780692582043431,30,0.2886,0.1316182043797055,30,0.1071333333333333,0.08593451128554265,30,,,0,,,0,,,0
open+speedboat->uuv,10,NormAwareCalibCosMetricHead-Tail-TC,0.7014333333333334,0.04265473522109367,30,0.7013058150371844,0.07382647716886302,30,0.7989021333333333,0.05780692582043431,30,0.2886,0.1316182043797055,30,0.1071333333333333,0.08593451128554265,30,0.7319333333333334,0.17386120769231383,30,0.3290666666666667,0.14222249042120308,30,-1.0169441199799387,1.8665240049262573,30
open+speedboat->uuv,10,RegMahaProxy,0.7274333333333333,0.05483246164978104,30,0.7118221687387831,0.07223670991452855,30,0.7949583333333333,0.0749790525267964,30,0.40299999999999997,0.10921380486190282,30,0.19006666666666672,0.0920262081610763,30,,,0,,,0,,,0
open+speedboat->uuv,10,RegMahaProxy-TC,0.6761999999999999,0.05975663287379736,30,0.7238047060639254,0.052182460548346396,30,0.7949583333333333,0.0749790525267964,30,0.40299999999999997,0.10921380486190282,30,0.19006666666666672,0.0920262081610763,30,0.852,0.0934709986370473,30,0.49960000000000004,0.10838297359602773,30,-5.292432619730632,2.3914175799130244,30
open+speedboat->uuv,10,RegMahaProxy-Tail,0.7148000000000001,0.07178915488164411,30,0.7053117462415908,0.08243589207260237,30,0.7899022666666667,0.0758297205144905,30,0.3950666666666667,0.10341711101444823,30,0.19153333333333336,0.09488531492547067,30,,,0,,,0,,,0
open+speedboat->uuv,10,RegMahaProxy-Tail-TC,0.6793333333333333,0.059284430318262506,30,0.7217880225742966,0.05352189109948376,30,0.7899022666666667,0.0758297205144905,30,0.3950666666666667,0.10341711101444823,30,0.19153333333333336,0.09488531492547067,30,0.8374666666666666,0.10730161593195692,30,0.4788000000000002,0.12638485286806625,30,-4.416124865214031,4.258814200982914,30
open+speedboat->uuv,20,CE-LinearHead,0.7592333333333332,0.0438820388465866,30,0.7401592780467723,0.04930429729405079,30,0.8299070666666662,0.04972326918742429,30,0.43393333333333334,0.11339583807157132,30,0.20626666666666665,0.07660329214737506,30,,,0,,,0,,,0
open+speedboat->uuv,20,CE-Proto,0.6463333333333335,0.05865464871680636,30,0.6606283611622976,0.042475971804841105,30,0.7330974666666668,0.05946048426431734,30,0.30226666666666674,0.12187923172729959,30,0.15739999999999996,0.09843905869045108,30,,,0,,,0,,,0
open+speedboat->uuv,20,CalibCosMetricHead,0.7882666666666668,0.04742830039291858,30,0.7943781911121407,0.04450658799589272,30,0.8625149333333332,0.03664029599237967,30,0.4078000000000001,0.12348094924961585,30,0.17873333333333333,0.09183716223738674,30,,,0,,,0,,,0
open+speedboat->uuv,20,CalibCosMetricHead-TC,0.765166666666667,0.060173360661785656,30,0.7496749448283782,0.11872993826130368,30,0.8625149333333332,0.03664029599237967,30,0.4078000000000001,0.12348094924961585,30,0.17873333333333333,0.09183716223738674,30,0.7593333333333334,0.18901292299065497,30,0.22900000000000004,0.10033839296823661,30,-0.5538233235478397,1.4361846081971088,30
open+speedboat->uuv,20,CalibCosMetricHead-Tail,0.7797,0.052011371435684024,30,0.7871053456015399,0.048158000612746645,30,0.8591371999999999,0.04007033159109979,30,0.4287333333333334,0.11324003597282385,30,0.1956666666666666,0.08238862213601625,30,,,0,,,0,,,0
open+speedboat->uuv,20,CalibCosMetricHead-Tail-TC,0.7615999999999999,0.056949221180833044,30,0.742607204309008,0.09352696355831433,30,0.8591371999999999,0.04007033159109979,30,0.4287333333333334,0.11324003597282385,30,0.1956666666666666,0.08238862213601625,30,0.7265333333333334,0.17038045325263904,30,0.20333333333333328,0.08540585998361137,30,-0.3517617661754286,1.113544505032752,30
open+speedboat->uuv,20,CosMetricHead,0.7551666666666665,0.05190314808958313,30,0.7410241234901866,0.06528948791644919,30,0.8461299999999999,0.03880999553794327,30,0.4124,0.11121200629800536,30,0.2018666666666667,0.08752526072150724,30,,,0,,,0,,,0
open+speedboat->uuv,20,CosMetricHead-TC,0.7508999999999998,0.05066002300665176,30,0.7185798969457639,0.07386681768595875,30,0.8461299999999999,0.03880999553794327,30,0.4124,0.11121200629800536,30,0.2018666666666667,0.08752526072150724,30,0.6534666666666666,0.1217515087588547,30,0.15166666666666667,0.05580034194267576,30,0.15970034112532944,0.26689834924874806,30
open+speedboat->uuv,20,CosMetricHead-Tail,0.7485333333333334,0.05812337255168193,30,0.7276101325767452,0.08321605897996803,30,0.8437268000000001,0.03793917327221711,30,0.41140000000000015,0.11015869430523621,30,0.20153333333333334,0.08475471030886857,30,,,0,,,0,,,0
open+speedboat->uuv,20,CosMetricHead-Tail-TC,0.7487333333333333,0.05098473965963658,30,0.7188881287127367,0.07220814300265925,30,0.8437268000000001,0.03793917327221711,30,0.41140000000000015,0.11015869430523621,30,0.20153333333333334,0.08475471030886857,30,0.6573333333333333,0.11236680493177115,30,0.1598666666666667,0.05330700499567759,30,0.10873298147072413,0.24125789671653383,30
open+speedboat->uuv,20,LinEqProxy,0.7589333333333332,0.04410405668520704,30,0.7399327171896313,0.0491477524222019,30,0.8293625999999998,0.0515333399498442,30,0.4388666666666666,0.11247765550768625,30,0.2071333333333333,0.07935026381692813,30,,,0,,,0,,,0
open+speedboat->uuv,20,LinEqProxy-TC,0.7551000000000001,0.045058850406995504,30,0.7286366814655693,0.06377135413308568,30,0.8293625999999998,0.0515333399498442,30,0.4388666666666666,0.11247765550768625,30,0.2071333333333333,0.07935026381692813,30,0.6672666666666666,0.09048296975725297,30,0.15706666666666666,0.0501796313487739,30,0.05399199167887394,0.24059272296654005,30
open+speedboat->uuv,20,LinEqProxy-Tail,0.7729333333333333,0.04773701905760082,30,0.7595684617149672,0.05148710989043531,30,0.8455057999999996,0.050439650777729564,30,0.46966666666666673,0.11811284298568436,30,0.21933333333333332,0.09944443374215998,30,,,0,,,0,,,0
open+speedboat->uuv,20,LinEqProxy-Tail-TC,0.7734666666666666,0.048655533288005696,30,0.7656379654291711,0.05531456667070056,30,0.8455057999999996,0.050439650777729564,30,0.46966666666666673,0.11811284298568436,30,0.21933333333333332,0.09944443374215998,30,0.7455333333333337,0.08097114570500784,30,0.19859999999999997,0.06740745891399096,30,-0.11140336990356418,0.23314476709880633,30
open+speedboat->uuv,20,NormAwareCalibCosMetricHead,0.7878999999999999,0.047059280296971866,30,0.7934006070773132,0.0445837484018942,30,0.8598184,0.03951799899443459,30,0.39706666666666673,0.12919350184719133,30,0.16286666666666666,0.08406677696037683,30,,,0,,,0,,,0
open+speedboat->uuv,20,NormAwareCalibCosMetricHead-TC,0.7604333333333334,0.06811738515914675,30,0.739246265584896,0.13785445160471269,30,0.8598184,0.03951799899443459,30,0.39706666666666673,0.12919350184719133,30,0.16286666666666666,0.08406677696037683,30,0.7460666666666664,0.20579633945562137,30,0.2252,0.10192032046720581,30,-0.565609648029009,1.457769616701247,30
open+speedboat->uuv,20,NormAwareCalibCosMetricHead-Tail,0.7800999999999999,0.05159347058394639,30,0.787873635116272,0.04612514283556582,30,0.8581148666666665,0.039854679956002656,30,0.41946666666666665,0.11427725912894038,30,0.19146666666666665,0.08218387010689583,30,,,0,,,0,,,0
open+speedboat->uuv,20,NormAwareCalibCosMetricHead-Tail-TC,0.7595666666666667,0.05857896723482629,30,0.7378767418345493,0.09673594706621357,30,0.8581148666666665,0.039854679956002656,30,0.41946666666666665,0.11427725912894038,30,0.19146666666666665,0.08218387010689583,30,0.7170666666666666,0.1739089998530411,30,0.19793333333333338,0.08467134569386031,30,-0.3104725088675813,1.1173853015151878,30
open+speedboat->uuv,20,RegMahaProxy,0.7676333333333335,0.04486338137619307,30,0.7675684454782866,0.05705797561218746,30,0.8542393333333334,0.04255908882980211,30,0.47813333333333335,0.12684819418429294,30,0.22273333333333334,0.10441625363413737,30,,,0,,,0,,,0
open+speedboat->uuv,20,RegMahaProxy-TC,0.7637666666666666,0.04800695591361691,30,0.7827770211964086,0.04106933195137258,30,0.8542393333333334,0.04255908882980211,30,0.47813333333333335,0.12684819418429294,30,0.22273333333333334,0.10441625363413737,30,0.8506666666666668,0.07132699509922634,30,0.3231333333333332,0.1073642634095315,30,-2.571005109151204,2.9828882551019693,30
open+speedboat->uuv,20,RegMahaProxy-Tail,0.7522333333333333,0.06476785246280503,30,0.7575388340484395,0.045499258416695915,30,0.8507275333333334,0.04248968198218395,30,0.47679999999999995,0.1179802438166428,30,0.22713333333333335,0.10455248915499693,30,,,0,,,0,,,0
open+speedboat->uuv,20,RegMahaProxy-Tail-TC,0.7649666666666666,0.04885056970926278,30,0.7802341671865254,0.041675526123669905,30,0.8507275333333334,0.04248968198218395,30,0.47679999999999995,0.1179802438166428,30,0.22713333333333335,0.10455248915499693,30,0.8344666666666666,0.07802507701808543,30,0.3045333333333334,0.11799699976704067,30,0.4845449670155845,8.79270799176604,30
open+speedboat->uuv,50,CE-LinearHead,0.7838,0.03084712024786438,30,0.7683151982860771,0.038492710161685435,30,0.8585608666666668,0.0318177963028211,30,0.5004000000000001,0.07242480047703226,30,0.23200000000000007,0.07836783295063932,30,,,0,,,0,,,0
open+speedboat->uuv,50,CE-Proto,0.6548999999999998,0.09117786709654845,30,0.665647005495839,0.08744714137749254,30,0.7179175999999999,0.09763532340917293,30,0.2829333333333333,0.137816202774298,30,0.1290666666666667,0.10807753708790974,30,,,0,,,0,,,0
open+speedboat->uuv,50,CalibCosMetricHead,0.8061999999999999,0.05054148176805211,30,0.8143192573362692,0.045301073902169885,30,0.8820814666666669,0.03500791272893573,30,0.5047333333333333,0.12198302124174644,30,0.2414,0.08608600350811972,30,,,0,,,0,,,0
open+speedboat->uuv,50,CalibCosMetricHead-TC,0.7712333333333332,0.07609825016490808,30,0.728418886680638,0.12604017721475516,30,0.8820814666666669,0.03500791272893573,30,0.5047333333333333,0.12198302124174644,30,0.2414,0.08608600350811972,30,0.6690666666666665,0.2014976569271376,30,0.1266,0.06103057458751931,30,0.33841484496990787,0.7681269612300055,30
open+speedboat->uuv,50,CalibCosMetricHead-Tail,0.7935333333333332,0.05552615620577837,30,0.805138548218265,0.047383335686070234,30,0.8754048,0.04060179440097825,30,0.5021333333333333,0.11324423813715366,30,0.2524666666666667,0.08651359603467294,30,,,0,,,0,,,0
open+speedboat->uuv,50,CalibCosMetricHead-Tail-TC,0.7793,0.06665047791949107,30,0.7485006839415755,0.09778399984579879,30,0.8754048,0.04060179440097825,30,0.5021333333333333,0.11324423813715366,30,0.2524666666666667,0.08651359603467294,30,0.6931999999999999,0.16447584457383355,30,0.1346,0.049023991311784594,30,0.21811298166712095,0.6423082555139326,30
open+speedboat->uuv,50,CosMetricHead,0.7823333333333333,0.04386054179369854,30,0.765378714620091,0.059688857656253015,30,0.8726734666666668,0.029075438896362153,30,0.48639999999999994,0.09318931417207701,30,0.26026666666666665,0.08023196255914443,30,,,0,,,0,,,0
open+speedboat->uuv,50,CosMetricHead-TC,0.7562666666666666,0.058859232032046536,30,0.704545028232705,0.09720727301120714,30,0.8726734666666668,0.029075438896362153,30,0.48639999999999994,0.09318931417207701,30,0.26026666666666665,0.08023196255914443,30,0.6084666666666666,0.14604456885469594,30,0.09593333333333336,0.04506388823646386,30,0.24367094742755074,0.2078011152751872,30
open+speedboat->uuv,50,CosMetricHead-Tail,0.7757333333333332,0.04851088277001808,30,0.7519182685456632,0.0717653694466281,30,0.8685051999999999,0.03171794159777711,30,0.4936000000000001,0.08462395519652485,30,0.2717333333333333,0.08656945918953067,30,,,0,,,0,,,0
open+speedboat->uuv,50,CosMetricHead-Tail-TC,0.7649333333333331,0.04861384316351088,30,0.7263285086118777,0.07371876832102695,30,0.8685051999999999,0.03171794159777711,30,0.4936000000000001,0.08462395519652485,30,0.2717333333333333,0.08656945918953067,30,0.6411333333333332,0.11667187508899309,30,0.11126666666666665,0.04523191834072052,30,0.14587464099129022,0.19304917670313435,30
open+speedboat->uuv,50,LinEqProxy,0.7815333333333333,0.031426689001694014,30,0.7656299579724626,0.03962113510062671,30,0.8569112666666666,0.03284725453696388,30,0.4962000000000001,0.07260160537789971,30,0.22973333333333334,0.0757905158898564,30,,,0,,,0,,,0
open+speedboat->uuv,50,LinEqProxy-TC,0.7618333333333335,0.03600295326328329,30,0.7178811891312331,0.05985358095000353,30,0.8569112666666666,0.03284725453696388,30,0.4962000000000001,0.07260160537789971,30,0.22973333333333334,0.0757905158898564,30,0.6179333333333331,0.09589431443120018,30,0.09426666666666667,0.04250349546139448,30,0.2654462083180743,0.17239491995734546,30
open+speedboat->uuv,50,LinEqProxy-Tail,0.7980333333333334,0.035444452251407334,30,0.7859061437772169,0.041999331714564145,30,0.873538066666667,0.034622125473044905,30,0.5330666666666668,0.07622061144595603,30,0.24860000000000007,0.09181413008224072,30,,,0,,,0,,,0
open+speedboat->uuv,50,LinEqProxy-Tail-TC,0.7869666666666665,0.03791868189668,30,0.7591261060350735,0.055488975759594265,30,0.873538066666667,0.034622125473044905,30,0.5330666666666668,0.07622061144595603,30,0.24860000000000007,0.09181413008224072,30,0.6819333333333333,0.08847284147217675,30,0.108,0.041199263468475106,30,0.17755139668782519,0.17583770674686833,30
open+speedboat->uuv,50,NormAwareCalibCosMetricHead,0.8036333333333333,0.05121185432093333,30,0.8116768722015072,0.04617656381414233,30,0.8789941333333334,0.03660345924837056,30,0.49553333333333344,0.12927776386480805,30,0.21793333333333334,0.09245238600577553,30,,,0,,,0,,,0
open+speedboat->uuv,50,NormAwareCalibCosMetricHead-TC,0.7635666666666666,0.0808402781706783,30,0.7138834550588065,0.13895753614416143,30,0.8789941333333334,0.03660345924837056,30,0.49553333333333344,0.12927776386480805,30,0.21793333333333334,0.09245238600577553,30,0.6521333333333335,0.21548785601967,30,0.12500000000000003,0.06647530005378975,30,0.3556107177337005,0.7791208733562285,30
open+speedboat->uuv,50,NormAwareCalibCosMetricHead-Tail,0.7920666666666665,0.05629536229648012,30,0.8035559254127392,0.04734616907250172,30,0.8734134666666665,0.04071144318309743,30,0.4887333333333334,0.1291814904359923,30,0.23466666666666672,0.09788287629235447,30,,,0,,,0,,,0
open+speedboat->uuv,50,NormAwareCalibCosMetricHead-Tail-TC,0.7755333333333333,0.06395835570406591,30,0.7445545103015319,0.09293521910394681,30,0.8734134666666665,0.04071144318309743,30,0.4887333333333334,0.1291814904359923,30,0.23466666666666672,0.09788287629235447,30,0.6873333333333331,0.15983986239106757,30,0.13626666666666667,0.0538957699916098,30,0.2073451397816335,0.7432233509994761,30
open+speedboat->uuv,50,RegMahaProxy,0.7980999999999998,0.051146409183967095,30,0.7922716320602634,0.07151657287279575,30,0.8987859333333331,0.03136390282049314,30,0.5876666666666667,0.08453048147769292,30,0.30293333333333344,0.1128914441440074,30,,,0,,,0,,,0
open+speedboat->uuv,50,RegMahaProxy-TC,0.8208666666666669,0.03271795176682201,30,0.8155461991980159,0.03948354006258944,30,0.8987859333333331,0.03136390282049314,30,0.5876666666666667,0.08453048147769292,30,0.30293333333333344,0.1128914441440074,30,0.7988666666666666,0.0730737621355551,30,0.15713333333333337,0.04927245389305954,30,-0.13050915718078693,1.6416035885831122,30
open+speedboat->uuv,50,RegMahaProxy-Tail,0.7829,0.05797106888428228,30,0.7751671581811139,0.07478625964512006,30,0.8926806,0.029232366092256757,30,0.5780666666666666,0.07615317292881786,30,0.2952666666666667,0.10706038687012863,30,,,0,,,0,,,0
open+speedboat->uuv,50,RegMahaProxy-Tail-TC,0.8119333333333333,0.03446030533350159,30,0.80329663500641,0.044518123033669074,30,0.8926806,0.029232366092256757,30,0.5780666666666666,0.07615317292881786,30,0.2952666666666667,0.10706038687012863,30,0.7776666666666666,0.08424280725802442,30,0.15379999999999996,0.052570740518093226,30,0.20621605555216413,1.317930430943322,30
open+uuv->speedboat,5,CE-LinearHead,0.5580333333333332,0.04504670628499309,30,0.5577839846788347,0.06555212987541345,30,0.5725812,0.06583437802410445,30,0.061733333333333355,0.04212864807355853,30,0.015533333333333336,0.01551580580843475,30,,,0,,,0,,,0
open+uuv->speedboat,5,CE-Proto,0.5053333333333334,0.02689229261886853,30,0.4916532337455593,0.07301379292209076,30,0.5211437333333333,0.03117032969738496,30,0.05720000000000003,0.02569100204754374,30,0.013000000000000006,0.00843228606463645,30,,,0,,,0,,,0
open+uuv->speedboat,5,CalibCosMetricHead,0.5536000000000001,0.049634943197377525,30,0.5437417987908718,0.06936986870805693,30,0.5693384666666665,0.0625586111180235,30,0.08593333333333335,0.035089966473714915,30,0.017333333333333343,0.009928479875775454,30,,,0,,,0,,,0
open+uuv->speedboat,5,CalibCosMetricHead-TC,0.5431,0.03561997695985625,30,0.6045261680834799,0.08141276148195196,30,0.5693384666666665,0.0625586111180235,30,0.08593333333333335,0.035089966473714915,30,0.017333333333333343,0.009928479875775454,30,0.7275333333333335,0.1699790521238412,30,0.6413333333333334,0.1698586295216952,30,-3.238552271525065,2.1294408275496264,30
open+uuv->speedboat,5,CalibCosMetricHead-Tail,0.5440333333333333,0.050531303601610754,30,0.5441702142995156,0.06985932119798453,30,0.5600050666666666,0.062249609416269926,30,0.08180000000000001,0.03593615027450387,30,0.01793333333333334,0.011831965276269644,30,,,0,,,0,,,0
open+uuv->speedboat,5,CalibCosMetricHead-Tail-TC,0.5418666666666667,0.038571682782109415,30,0.5931547628103491,0.08784932232066686,30,0.5600050666666666,0.062249609416269926,30,0.08180000000000001,0.03593615027450387,30,0.01793333333333334,0.011831965276269644,30,0.6994000000000001,0.179173697269168,30,0.6156666666666666,0.17191263485558156,30,-2.282827688852946,2.0888903126496086,30
open+uuv->speedboat,5,CosMetricHead,0.5382333333333332,0.04415152852693058,30,0.5349803205348699,0.0738691458151336,30,0.5572824666666666,0.06035509635181425,30,0.08046666666666669,0.030732139004893425,30,0.01726666666666667,0.010445039520016791,30,,,0,,,0,,,0
open+uuv->speedboat,5,CosMetricHead-TC,0.5411666666666668,0.04668610022290348,30,0.5588831774290598,0.1045415332595255,30,0.5572824666666666,0.06035509635181425,30,0.08046666666666669,0.030732139004893425,30,0.01726666666666667,0.010445039520016791,30,0.6184666666666667,0.19547197229787955,30,0.5361333333333334,0.19147624923992138,30,-0.2899764525021116,0.6249017259133549,30
open+uuv->speedboat,5,CosMetricHead-Tail,0.5369333333333335,0.04479988710987416,30,0.5326955086958,0.0762382027372466,30,0.5553794666666666,0.06063353902195084,30,0.0792,0.029118544867015827,30,0.017600000000000005,0.010176375616576618,30,,,0,,,0,,,0
open+uuv->speedboat,5,CosMetricHead-Tail-TC,0.5411666666666667,0.047376760877716896,30,0.5570872547598906,0.1070532824400811,30,0.5553794666666666,0.06063353902195084,30,0.0792,0.029118544867015827,30,0.017600000000000005,0.010176375616576618,30,0.6152666666666666,0.1983368665772407,30,0.5329333333333334,0.19289642268600388,30,-0.26464215020338705,0.6305538823937785,30
open+uuv->speedboat,5,LinEqProxy,0.5565333333333334,0.046216681070749784,30,0.5564082640594151,0.06639315417270834,30,0.5719937333333334,0.06642315964768321,30,0.06033333333333335,0.03959130288798054,30,0.016533333333333337,0.016558638402571827,30,,,0,,,0,,,0
open+uuv->speedboat,5,LinEqProxy-TC,0.5584000000000001,0.04307779650497618,30,0.5839479294085825,0.08164546092312136,30,0.5719937333333334,0.06642315964768321,30,0.06033333333333335,0.03959130288798054,30,0.016533333333333337,0.016558638402571827,30,0.6424000000000001,0.15068340869243838,30,0.5256000000000001,0.14381348073591468,30,-0.3340749168395998,0.3547013986961349,30
open+uuv->speedboat,5,LinEqProxy-Tail,0.5653000000000001,0.051722835615788984,30,0.5693737400314448,0.06203406734918793,30,0.5817646666666667,0.07388767080826991,30,0.07313333333333333,0.05054102692168859,30,0.018333333333333333,0.015748745616897465,30,,,0,,,0,,,0
open+uuv->speedboat,5,LinEqProxy-Tail-TC,0.5648666666666666,0.041001037273113765,30,0.6250824641234285,0.04981094054817722,30,0.5817646666666667,0.07388767080826991,30,0.07313333333333333,0.05054102692168859,30,0.018333333333333333,0.015748745616897465,30,0.7355999999999999,0.11384974974606392,30,0.6058666666666668,0.12446291050732354,30,-1.0146988995869954,0.6385508448770011,30
open+uuv->speedboat,5,NormAwareCalibCosMetricHead,0.5542333333333335,0.04793507342612313,30,0.5466847649159973,0.06540558285303555,30,0.5708136666666668,0.06165063668006574,30,0.08680000000000002,0.034968360083031516,30,0.01826666666666667,0.011101206313243414,30,,,0,,,0,,,0
open+uuv->speedboat,5,NormAwareCalibCosMetricHead-TC,0.5462,0.035489094973934786,30,0.6110462065730078,0.06937596204735548,30,0.5708136666666668,0.06165063668006574,30,0.08680000000000002,0.034968360083031516,30,0.01826666666666667,0.011101206313243414,30,0.7364666666666668,0.1580350754024918,30,0.6440666666666668,0.1665665308379877,30,-3.303835814793905,2.0951684158460906,30
open+uuv->speedboat,5,NormAwareCalibCosMetricHead-Tail,0.5470333333333334,0.04975351890749197,30,0.5461363156476704,0.07100957536106754,30,0.5632659333333332,0.06133107997268667,30,0.08220000000000001,0.03629515024124411,30,0.017600000000000008,0.011547801701533113,30,,,0,,,0,,,0
open+uuv->speedboat,5,NormAwareCalibCosMetricHead-Tail-TC,0.5431333333333334,0.038728705680388546,30,0.5972611255380507,0.0801095256084573,30,0.5632659333333332,0.06133107997268667,30,0.08220000000000001,0.03629515024124411,30,0.017600000000000008,0.011547801701533113,30,0.7046666666666666,0.16868770029224142,30,0.6184,0.1686280542782107,30,-2.34437750895818,2.049242494454812,30
open+uuv->speedboat,5,RegMahaProxy,0.5614,0.0503084280318366,30,0.5640783778267549,0.05857863038864737,30,0.5770155333333334,0.07516587258935761,30,0.07226666666666666,0.051524974415381786,30,0.017333333333333336,0.01652027663902409,30,,,0,,,0,,,0
open+uuv->speedboat,5,RegMahaProxy-TC,0.5596666666666666,0.038319287781637505,30,0.6378831640016077,0.03627765405363577,30,0.5770155333333334,0.07516587258935761,30,0.07226666666666666,0.051524974415381786,30,0.017333333333333336,0.01652027663902409,30,0.7807999999999999,0.0926939346302733,30,0.6614666666666664,0.11577258723041041,30,-7.618212331136066,3.2157461477444866,30
open+uuv->speedboat,5,RegMahaProxy-Tail,0.5614333333333335,0.050516425006153186,30,0.5623370658902387,0.06531063125998225,30,0.5770155333333332,0.07457228262321587,30,0.06993333333333335,0.05362830784482063,30,0.018866666666666674,0.017731198557876752,30,,,0,,,0,,,0
open+uuv->speedboat,5,RegMahaProxy-Tail-TC,0.5572333333333332,0.039852039564760834,30,0.6341305521240629,0.03794713478515751,30,0.5770155333333332,0.07457228262321587,30,0.06993333333333335,0.05362830784482063,30,0.018866666666666674,0.017731198557876752,30,0.772933333333333,0.09614318823337491,30,0.6584666666666664,0.11946395599346775,30,-8.357475280761719,3.427346391354737,30
open+uuv->speedboat,10,CE-LinearHead,0.5878333333333333,0.04736657000483556,30,0.5948542268018258,0.0646385516392523,30,0.6141645333333334,0.06277501034742679,30,0.09573333333333332,0.051831912239823655,30,0.026266666666666674,0.02017669077363066,30,,,0,,,0,,,0
open+uuv->speedboat,10,CE-Proto,0.5163,0.02989885247480822,30,0.5241918923299466,0.0681894577030472,30,0.5309590666666666,0.03894019584362964,30,0.062333333333333366,0.034736777026099,30,0.017733333333333337,0.01412977617348002,30,,,0,,,0,,,0
open+uuv->speedboat,10,CalibCosMetricHead,0.5833666666666667,0.045958364465762,30,0.588383917746262,0.06532006611221591,30,0.6128415333333334,0.05201054742018322,30,0.10479999999999999,0.04566323504180096,30,0.028333333333333346,0.018622073171250354,30,,,0,,,0,,,0
open+uuv->speedboat,10,CalibCosMetricHead-TC,0.5672,0.036935544977143867,30,0.6098071237690736,0.08545202242261812,30,0.6128415333333334,0.05201054742018322,30,0.10479999999999999,0.04566323504180096,30,0.028333333333333346,0.018622073171250354,30,0.7055333333333333,0.16947438690283542,30,0.5711333333333335,0.152686908260083,30,-1.6913045760989196,1.4908458848188655,30
open+uuv->speedboat,10,CalibCosMetricHead-Tail,0.5727,0.04616398805458048,30,0.5841005090204713,0.07044793089311677,30,0.6017740666666666,0.05760688708463259,30,0.09766666666666667,0.0435433460876142,30,0.02686666666666668,0.018485284610371487,30,,,0,,,0,,,0
open+uuv->speedboat,10,CalibCosMetricHead-Tail-TC,0.5652999999999999,0.0404271588466688,30,0.5848662920787128,0.08772198891254107,30,0.6017740666666666,0.05760688708463259,30,0.09766666666666667,0.0435433460876142,30,0.02686666666666668,0.018485284610371487,30,0.6387999999999998,0.16751127599719043,30,0.5082,0.13758543427317413,30,-0.7184247339516886,1.2534608976725607,30
open+uuv->speedboat,10,CosMetricHead,0.5656000000000001,0.03615827276924565,30,0.576985302378742,0.063408610436761,30,0.6028023333333334,0.051938723323131264,30,0.10719999999999996,0.04444787726206334,30,0.02666666666666668,0.017991057804352145,30,,,0,,,0,,,0
open+uuv->speedboat,10,CosMetricHead-TC,0.5730999999999999,0.03945870822990043,30,0.5684493259463278,0.0704803060393912,30,0.6028023333333334,0.051938723323131264,30,0.10719999999999996,0.04444787726206334,30,0.02666666666666668,0.017991057804352145,30,0.5770000000000001,0.12871218895740566,30,0.4308000000000001,0.11162325798926463,30,0.13993750534330768,0.3945587838240053,30
open+uuv->speedboat,10,CosMetricHead-Tail,0.5655666666666667,0.03525051560721787,30,0.5760428707136991,0.06719545379043454,30,0.5985796666666665,0.04950052217929612,30,0.10453333333333334,0.0426757892546318,30,0.027200000000000012,0.018905208185886875,30,,,0,,,0,,,0
open+uuv->speedboat,10,CosMetricHead-Tail-TC,0.5692666666666668,0.039026015490406775,30,0.5628523643907576,0.07261857514168796,30,0.5985796666666665,0.04950052217929612,30,0.10453333333333334,0.0426757892546318,30,0.027200000000000012,0.018905208185886875,30,0.5698000000000001,0.12877282857540384,30,0.43126666666666674,0.11080704986078536,30,0.15657858339448735,0.40127475023181136,30
open+uuv->speedboat,10,LinEqProxy,0.5869666666666669,0.0475883811763807,30,0.5943991727275034,0.06378879842711144,30,0.6144285999999999,0.06223619852797721,30,0.09693333333333334,0.05264515783695744,30,0.02573333333333334,0.019713348065562658,30,,,0,,,0,,,0
open+uuv->speedboat,10,LinEqProxy-TC,0.5789333333333334,0.05183390804279092,30,0.5594364683593446,0.10046013278785167,30,0.6144285999999999,0.06223619852797721,30,0.09693333333333334,0.05264515783695744,30,0.02573333333333334,0.019713348065562658,30,0.5596,0.16496971508901787,30,0.40173333333333344,0.12292384335175913,30,0.13557655811309777,0.2838238428210498,30
open+uuv->speedboat,10,LinEqProxy-Tail,0.5904333333333334,0.04529115262109285,30,0.601939712522361,0.06172642160076134,30,0.6191169333333336,0.060996790732386674,30,0.10013333333333337,0.048232006352437885,30,0.031000000000000007,0.02253426509669831,30,,,0,,,0,,,0
open+uuv->speedboat,10,LinEqProxy-Tail-TC,0.5859666666666666,0.044018400018968035,30,0.5991816024856581,0.07033997360731843,30,0.6191169333333336,0.060996790732386674,30,0.10013333333333337,0.048232006352437885,30,0.031000000000000007,0.02253426509669831,30,0.6344000000000001,0.13406781608702675,30,0.4624666666666667,0.12259119992418124,30,-0.08750538667043099,0.3091580261973171,30
open+uuv->speedboat,10,NormAwareCalibCosMetricHead,0.5844666666666668,0.046659983101031074,30,0.5889158208494405,0.06393862177672091,30,0.6126107333333334,0.052020843065417356,30,0.10066666666666665,0.041267281298228584,30,0.027133333333333343,0.0182146839841837,30,,,0,,,0,,,0
open+uuv->speedboat,10,NormAwareCalibCosMetricHead-TC,0.5689666666666666,0.03741056768765535,30,0.6095688532381313,0.08634285873813442,30,0.6126107333333334,0.052020843065417356,30,0.10066666666666665,0.041267281298228584,30,0.027133333333333343,0.0182146839841837,30,0.7023999999999998,0.17123760463572046,30,0.5644666666666667,0.15065803555788496,30,-1.7302115813891097,1.5576685492406155,30
open+uuv->speedboat,10,NormAwareCalibCosMetricHead-Tail,0.5785666666666667,0.04793003761470593,30,0.590338614236091,0.06563651429430678,30,0.6034066666666666,0.0576467981401924,30,0.09806666666666666,0.04560847874390608,30,0.02606666666666668,0.018625035678435316,30,,,0,,,0,,,0
open+uuv->speedboat,10,NormAwareCalibCosMetricHead-Tail-TC,0.5694666666666667,0.039319849627289294,30,0.5873496780364612,0.08683486135854852,30,0.6034066666666666,0.0576467981401924,30,0.09806666666666666,0.04560847874390608,30,0.02606666666666668,0.018625035678435316,30,0.6392,0.16635947782458615,30,0.5002666666666667,0.14159751929770648,30,-0.7688202092299865,1.2617868407719544,30
open+uuv->speedboat,10,RegMahaProxy,0.5760000000000001,0.040778628615049536,30,0.5838761422007963,0.06486318305658097,30,0.604613,0.058862396079389215,30,0.0912,0.04157784555961637,30,0.029133333333333344,0.017073337417585134,30,,,0,,,0,,,0
open+uuv->speedboat,10,RegMahaProxy-TC,0.5718333333333333,0.0412737566560853,30,0.6282377043165938,0.04123399108517732,30,0.604613,0.058862396079389215,30,0.0912,0.04157784555961637,30,0.029133333333333344,0.017073337417585134,30,0.73,0.10121060323353749,30,0.5863333333333334,0.12762886208370586,30,-3.3310569508870453,2.595983306403875,30
open+uuv->speedboat,10,RegMahaProxy-Tail,0.5729666666666666,0.04262222451947463,30,0.6022258689633468,0.06157550058678441,30,0.5977197333333334,0.058086338135532364,30,0.08753333333333337,0.04347867755922264,30,0.025266666666666673,0.02030446414874857,30,,,0,,,0,,,0
open+uuv->speedboat,10,RegMahaProxy-Tail-TC,0.5688666666666667,0.0431275040918832,30,0.621379883651714,0.057847882699259424,30,0.5977197333333334,0.058086338135532364,30,0.08753333333333337,0.04347867755922264,30,0.025266666666666673,0.02030446414874857,30,0.7182,0.11372604711807867,30,0.5804666666666668,0.1139142851788839,30,-1.1657824961344407,7.8678979377380625,30
open+uuv->speedboat,20,CE-LinearHead,0.6058666666666667,0.026606627814853984,30,0.6049391537454144,0.03634714698281047,30,0.6454382666666666,0.03331564511315589,30,0.12833333333333335,0.054014259505107146,30,0.040000000000000015,0.024080325350076096,30,,,0,,,0,,,0
open+uuv->speedboat,20,CE-Proto,0.5156333333333333,0.023265311359267862,30,0.5207257578964481,0.04426057812981191,30,0.536313,0.03372614048786039,30,0.08200000000000003,0.04224068964954247,30,0.02453333333333334,0.017779750848363564,30,,,0,,,0,,,0
open+uuv->speedboat,20,CalibCosMetricHead,0.6092666666666666,0.03770478185472825,30,0.599608857490337,0.04535161229470834,30,0.6366902,0.04227250194940046,30,0.11873333333333333,0.03888615863431786,30,0.034000000000000016,0.017811271131234423,30,,,0,,,0,,,0
open+uuv->speedboat,20,CalibCosMetricHead-TC,0.6017000000000002,0.03804457458261841,30,0.559251163698177,0.12574009409946696,30,0.6366902,0.04227250194940046,30,0.11873333333333333,0.03888615863431786,30,0.034000000000000016,0.017811271131234423,30,0.5435999999999999,0.1767573048775812,30,0.34019999999999995,0.13263936067397186,30,0.010908948133389456,0.7120641407616107,30
open+uuv->speedboat,20,CalibCosMetricHead-Tail,0.5887666666666667,0.039020492700307,30,0.5737921532587714,0.06271695943871769,30,0.6239495333333331,0.04535172799257646,30,0.11486666666666666,0.041361929299807795,30,0.033066666666666675,0.022170084431011105,30,,,0,,,0,,,0
open+uuv->speedboat,20,CalibCosMetricHead-Tail-TC,0.5926000000000001,0.040735141145427846,30,0.5314303332730594,0.08652001766991459,30,0.6239495333333331,0.04535172799257646,30,0.11486666666666666,0.041361929299807795,30,0.033066666666666675,0.022170084431011105,30,0.4772,0.12180776261996917,30,0.29200000000000004,0.08661289224733391,30,0.20981682700415477,0.5467273573544971,30
open+uuv->speedboat,20,CosMetricHead,0.5873666666666665,0.034565762743254874,30,0.5904445507522079,0.05997922496862241,30,0.6229904666666665,0.03662970585583588,30,0.12253333333333334,0.04144604580226778,30,0.030400000000000014,0.015968935360622015,30,,,0,,,0,,,0
open+uuv->speedboat,20,CosMetricHead-TC,0.5795666666666667,0.037210198206603436,30,0.47049847430707753,0.09417492174755047,30,0.6229904666666665,0.03662970585583588,30,0.12253333333333334,0.04144604580226778,30,0.030400000000000014,0.015968935360622015,30,0.3866,0.1098012624762544,30,0.22746666666666676,0.07423528918863011,30,0.42495477472742416,0.18097429619529254,30
open+uuv->speedboat,20,CosMetricHead-Tail,0.5749999999999998,0.0406990637865719,30,0.5854549744687244,0.07169269181302938,30,0.6187413999999999,0.041987248734791385,30,0.12546666666666667,0.04074794966987726,30,0.03220000000000001,0.019336226497753222,30,,,0,,,0,,,0
open+uuv->speedboat,20,CosMetricHead-Tail-TC,0.5812000000000002,0.0405015112532002,30,0.48555304830571944,0.08031110037170805,30,0.6187413999999999,0.041987248734791385,30,0.12546666666666667,0.04074794966987726,30,0.03220000000000001,0.019336226497753222,30,0.40460000000000007,0.09970736492701857,30,0.24220000000000003,0.07000758579586584,30,0.3941552236676218,0.1778164485476257,30
open+uuv->speedboat,20,LinEqProxy,0.6063000000000002,0.026431629432987276,30,0.6059859743388727,0.036099258762932296,30,0.6466878666666667,0.032107240747149275,30,0.12893333333333337,0.05108406414132888,30,0.03920000000000001,0.023650326235265393,30,,,0,,,0,,,0
open+uuv->speedboat,20,LinEqProxy-TC,0.5835000000000001,0.032782196598048506,30,0.46614572895157297,0.10542705407375964,30,0.6466878666666667,0.032107240747149275,30,0.12893333333333337,0.05108406414132888,30,0.03920000000000001,0.023650326235265393,30,0.38320000000000004,0.13223448347798564,30,0.21620000000000003,0.09357327941613278,30,0.47852645079294837,0.2503486355077525,30
open+uuv->speedboat,20,LinEqProxy-Tail,0.6112333333333334,0.026507882150257782,30,0.6086844225175949,0.0465979166841051,30,0.6526414666666668,0.03323499480941146,30,0.1354666666666667,0.04993494618575966,30,0.04406666666666668,0.028471320516513157,30,,,0,,,0,,,0
open+uuv->speedboat,20,LinEqProxy-Tail-TC,0.6058000000000001,0.02994869175658654,30,0.5475907631858228,0.07057123557050768,30,0.6526414666666668,0.03323499480941146,30,0.1354666666666667,0.04993494618575966,30,0.04406666666666668,0.028471320516513157,30,0.48866666666666675,0.10586827642888583,30,0.2770666666666667,0.07135096999719226,30,0.3916548013687137,0.27472594904939307,30
open+uuv->speedboat,20,NormAwareCalibCosMetricHead,0.6040666666666665,0.03514887876107744,30,0.5931861984411652,0.04731311505407761,30,0.6342691333333333,0.03875343181131219,30,0.11999999999999998,0.038157568056677825,30,0.03500000000000002,0.018552813709831837,30,,,0,,,0,,,0
open+uuv->speedboat,20,NormAwareCalibCosMetricHead-TC,0.5985999999999999,0.035542689242946915,30,0.5559594535204091,0.12107272913705212,30,0.6342691333333333,0.03875343181131219,30,0.11999999999999998,0.038157568056677825,30,0.03500000000000002,0.018552813709831837,30,0.5386000000000001,0.17198408105964647,30,0.3414,0.1331425474107901,30,0.09121017068624523,0.575813157006408,30
open+uuv->speedboat,20,NormAwareCalibCosMetricHead-Tail,0.5923666666666667,0.03895486630955626,30,0.5769534346234281,0.05927820630322825,30,0.6280547999999999,0.04446326617937472,30,0.12080000000000003,0.04083473842292816,30,0.034066666666666676,0.02196224555652398,30,,,0,,,0,,,0
open+uuv->speedboat,20,NormAwareCalibCosMetricHead-Tail-TC,0.5946333333333335,0.04019905929018851,30,0.5311641316375367,0.08471530777382612,30,0.6280547999999999,0.04446326617937472,30,0.12080000000000003,0.04083473842292816,30,0.034066666666666676,0.02196224555652398,30,0.4732,0.11761374538483278,30,0.28393333333333337,0.07954609738507228,30,0.25184096919993587,0.4855123761850817,30
open+uuv->speedboat,20,RegMahaProxy,0.6011000000000001,0.026804978950779372,30,0.5851762281513521,0.08895413422102054,30,0.6491168666666666,0.03419462075333441,30,0.13533333333333336,0.050909882065803526,30,0.04433333333333335,0.03124136662352893,30,,,0,,,0,,,0
open+uuv->speedboat,20,RegMahaProxy-TC,0.6088333333333333,0.024548450802069167,30,0.603338394083689,0.050756215944151854,30,0.6491168666666666,0.03419462075333441,30,0.13533333333333336,0.050909882065803526,30,0.04433333333333335,0.03124136662352893,30,0.6061333333333333,0.1087140295908723,30,0.3884666666666666,0.10219613776808126,30,-0.18538088957468615,2.5749317162637206,30
open+uuv->speedboat,20,RegMahaProxy-Tail,0.6028333333333332,0.02386901516731412,30,0.5972970008864202,0.07157276404258399,30,0.6503036666666665,0.03177119910725187,30,0.14146666666666668,0.05114666762551987,30,0.047400000000000005,0.03358632726736201,30,,,0,,,0,,,0
open+uuv->speedboat,20,RegMahaProxy-Tail-TC,0.6073666666666668,0.02801783093986245,30,0.5781888700479949,0.06693697862172561,30,0.6503036666666665,0.03177119910725187,30,0.14146666666666668,0.05114666762551987,30,0.047400000000000005,0.03358632726736201,30,0.5534666666666668,0.12189530084386392,30,0.3387333333333333,0.11119474476956101,30,0.2736397933959966,1.5101574292769555,30
open+uuv->speedboat,50,CE-LinearHead,0.6467333333333334,0.02671165744910188,30,0.6482231898229572,0.02719300029856983,30,0.6984026666666664,0.02772362518631477,30,0.16566666666666668,0.0484208086739955,30,0.05380000000000002,0.028237172858387977,30,,,0,,,0,,,0
open+uuv->speedboat,50,CE-Proto,0.5236,0.03484507584070993,30,0.5348997004512845,0.043524552492712275,30,0.5450814666666666,0.04412903168861416,30,0.09066666666666667,0.04151720319240616,30,0.02226666666666667,0.01196239317923937,30,,,0,,,0,,,0
open+uuv->speedboat,50,CalibCosMetricHead,0.6304333333333335,0.04754212892780999,30,0.6142470564358443,0.05867620761729501,30,0.6725218000000001,0.05386561042612726,30,0.15460000000000002,0.03829522343492768,30,0.05020000000000002,0.021759500501366418,30,,,0,,,0,,,0
open+uuv->speedboat,50,CalibCosMetricHead-TC,0.6178666666666667,0.04457982637404762,30,0.5114344108933337,0.11254565677655425,30,0.6725218000000001,0.05386561042612726,30,0.15460000000000002,0.03829522343492768,30,0.05020000000000002,0.021759500501366418,30,0.4204666666666667,0.1356350919228484,30,0.1847333333333333,0.08171689283564718,30,0.537005257904529,0.33697750033182294,30
open+uuv->speedboat,50,CalibCosMetricHead-Tail,0.6232999999999999,0.038210984158286616,30,0.5972404095644656,0.05794928112165568,30,0.6671866000000001,0.041176595894035384,30,0.14993333333333336,0.03208386997610603,30,0.04233333333333335,0.017811916455454532,30,,,0,,,0,,,0
open+uuv->speedboat,50,CalibCosMetricHead-Tail-TC,0.6129333333333332,0.036360203077211946,30,0.5094842093717843,0.0759334695618543,30,0.6671866000000001,0.041176595894035384,30,0.14993333333333336,0.03208386997610603,30,0.04233333333333335,0.017811916455454532,30,0.4108666666666666,0.09435323700506164,30,0.18499999999999997,0.05293782950880636,30,0.26955430294076577,0.24807862768193895,30
open+uuv->speedboat,50,CosMetricHead,0.6212000000000001,0.04287865798208742,30,0.625001066029504,0.05386399365692348,30,0.6681274666666667,0.04439499245739268,30,0.1548,0.03864819217791034,30,0.04060000000000002,0.017004259101360664,30,,,0,,,0,,,0
open+uuv->speedboat,50,CosMetricHead-TC,0.6041666666666665,0.03656273148074871,30,0.45549425196321663,0.08517067002419627,30,0.6681274666666667,0.04439499245739268,30,0.1548,0.03864819217791034,30,0.04060000000000002,0.017004259101360664,30,0.33973333333333333,0.09224365535917897,30,0.13140000000000002,0.04680450906660081,30,0.4372273193299767,0.14038583100450178,30
open+uuv->speedboat,50,CosMetricHead-Tail,0.6037666666666666,0.03718238675848381,30,0.6307316854253758,0.051830746851551604,30,0.6662838,0.03893336019175189,30,0.1561333333333333,0.03403014214946279,30,0.043000000000000024,0.018040185028487626,30,,,0,,,0,,,0
open+uuv->speedboat,50,CosMetricHead-Tail-TC,0.6174333333333333,0.03705511583027911,30,0.5173389328963738,0.07527468873374307,30,0.6662838,0.03893336019175189,30,0.1561333333333333,0.03403014214946279,30,0.043000000000000024,0.018040185028487626,30,0.41840000000000005,0.09098601635643683,30,0.18353333333333335,0.053376175321523577,30,0.28939969296256685,0.14005548845918078,30
open+uuv->speedboat,50,LinEqProxy,0.6469,0.025820801558112973,30,0.6484288005572054,0.02659982350788232,30,0.6982295999999999,0.027799176878908337,30,0.16453333333333334,0.047164958744107185,30,0.054266666666666685,0.02857408197859627,30,,,0,,,0,,,0
open+uuv->speedboat,50,LinEqProxy-TC,0.5948666666666667,0.027369418288872436,30,0.4271347104931407,0.07818246547926944,30,0.6982295999999999,0.027799176878908337,30,0.16453333333333334,0.047164958744107185,30,0.054266666666666685,0.02857408197859627,30,0.3096666666666667,0.08358697033147812,30,0.11993333333333336,0.04351926512226061,30,0.5927496552467344,0.1383872624189766,30
open+uuv->speedboat,50,LinEqProxy-Tail,0.6286,0.03644419446694944,30,0.6043917301702985,0.11596916995877095,30,0.6895152,0.03503176965063531,30,0.1676,0.05228146635412908,30,0.061000000000000026,0.036391548848409935,30,,,0,,,0,,,0
open+uuv->speedboat,50,LinEqProxy-Tail-TC,0.6233666666666667,0.03340398833644883,30,0.5396210499961234,0.0676010908224188,30,0.6895152,0.03503176965063531,30,0.1676,0.05228146635412908,30,0.061000000000000026,0.036391548848409935,30,0.4485333333333334,0.0814894676221003,30,0.20179999999999998,0.05503440929906082,30,0.41969714005788145,0.45238854752289975,30
open+uuv->speedboat,50,NormAwareCalibCosMetricHead,0.6354333333333333,0.04489273294492514,30,0.6158625689910302,0.05400209224522809,30,0.6776783333333333,0.048816161846281,30,0.1586,0.04212018927815481,30,0.051066666666666684,0.021352433977924138,30,,,0,,,0,,,0
open+uuv->speedboat,50,NormAwareCalibCosMetricHead-TC,0.6218333333333332,0.04350036332256784,30,0.5219992049520096,0.10861094936873585,30,0.6776783333333333,0.048816161846281,30,0.1586,0.04212018927815481,30,0.051066666666666684,0.021352433977924138,30,0.4322,0.12971624203728638,30,0.18853333333333333,0.0790668566220509,30,0.4830999889473116,0.40197398203328444,30
open+uuv->speedboat,50,NormAwareCalibCosMetricHead-Tail,0.6260666666666667,0.04192681088831307,30,0.5951054118055108,0.07547642542242364,30,0.6693443333333333,0.04230983154053568,30,0.15020000000000003,0.03745470828098643,30,0.041866666666666684,0.01683947196594816,30,,,0,,,0,,,0
open+uuv->speedboat,50,NormAwareCalibCosMetricHead-Tail-TC,0.6127666666666667,0.04026693974939754,30,0.5104169324689498,0.08079526071251117,30,0.6693443333333333,0.04230983154053568,30,0.15020000000000003,0.03745470828098643,30,0.041866666666666684,0.01683947196594816,30,0.4124,0.09223268924582674,30,0.1868666666666667,0.05618855775857311,30,0.31327249894539483,0.31402580436538874,30
open+uuv->speedboat,50,RegMahaProxy,0.6519333333333334,0.030282501301204835,30,0.6397283368199356,0.06514930313572619,30,0.7103727999999999,0.030306280831218637,30,0.20080000000000003,0.05964400134591677,30,0.06426666666666671,0.03279500943250605,30,,,0,,,0,,,0
open+uuv->speedboat,50,RegMahaProxy-TC,0.6378333333333333,0.024568108474666703,30,0.5546727389038769,0.05100793173285262,30,0.7103727999999999,0.030306280831218637,30,0.20080000000000003,0.05964400134591677,30,0.06426666666666671,0.03279500943250605,30,0.4568666666666667,0.07440742145657309,30,0.18120000000000006,0.06034749944823871,30,0.812208461761474,0.6279185957996101,30
open+uuv->speedboat,50,RegMahaProxy-Tail,0.6271666666666665,0.032291862253764375,30,0.6354863379170654,0.05611995901629674,30,0.6945182666666665,0.027228148952411605,30,0.17366666666666666,0.047288063182374364,30,0.052866666666666694,0.028511018237157723,30,,,0,,,0,,,0
open+uuv->speedboat,50,RegMahaProxy-Tail-TC,0.6309000000000001,0.026590573906737254,30,0.5597624954781447,0.051163281424600554,30,0.6945182666666665,0.027228148952411605,30,0.17366666666666666,0.047288063182374364,30,0.052866666666666694,0.028511018237157723,30,0.47380000000000005,0.06586789286401097,30,0.21200000000000008,0.041031526987141874,30,0.6922918995221453,0.5705413254280062,30
